START_DATE,START_TIME,START_TIME_ET,AGAINST,LOCATION,DESCRIPTION,END_DATE,END_DATE_ET,END_TIME,END_TIME_ET,REMINDER_OFF,REMINDER_ON,REMINDER_DATE,REMINDER_TIME,REMINDER_TIME_ET,SHOWTIMEAS_FREE,SHOWTIMEAS_BUSY
02/26/14,12:10 PM,03:10 PM,D-backs,Salt River Fields at Talking Stick,"Local TV: SportsNet LA -- MLBN (delay) ----- Local Radio: 570 Fox Sports L.A.",02/26/14,02/26/14,03:10 PM,06:10 PM,FALSE,TRUE,02/26/14,11:10 AM,02:10 PM,FREE,BUSY
02/27/14,12:05 PM,03:05 PM,D-backs,Camelback Ranch,"Local TV: SportsNet LA ----- Local Radio: 570 Fox Sports L.A.",02/27/14,02/27/14,03:05 PM,06:05 PM,FALSE,TRUE,02/27/14,11:05 AM,02:05 PM,FREE,BUSY
02/28/14,12:05 PM,03:05 PM,White Sox,Camelback Ranch,"Local TV: SportsNet LA -- MLBN (delay) ----- Local Radio: 570 Fox Sports L.A.",02/28/14,02/28/14,03:05 PM,06:05 PM,FALSE,TRUE,02/28/14,11:05 AM,02:05 PM,FREE,BUSY
03/01/14,12:05 PM,03:05 PM,Brewers,Maryvale Baseball Park,"Local TV: SportsNet LA ----- Local Radio: 570 Fox Sports L.A.",03/01/14,03/01/14,03:05 PM,06:05 PM,FALSE,TRUE,03/01/14,11:05 AM,02:05 PM,FREE,BUSY
03/02/14,12:05 PM,03:05 PM,Padres,Camelback Ranch,"Local TV: SportsNet LA ----- Local Radio: KTNQ 1020 -- 570 Fox Sports L.A.",03/02/14,03/02/14,03:05 PM,06:05 PM,FALSE,TRUE,03/02/14,11:05 AM,02:05 PM,FREE,BUSY
03/03/14,12:05 PM,03:05 PM,Athletics,Phoenix Municipal Stadium,"Local TV: MLBN (delay) -- SportsNet LA",03/03/14,03/03/14,03:05 PM,06:05 PM,FALSE,TRUE,03/03/14,11:05 AM,02:05 PM,FREE,BUSY
03/04/14,12:05 PM,03:05 PM,Mariners,Camelback Ranch,"Local TV: SportsNet LA -- MLBN (delay)",03/04/14,03/04/14,03:05 PM,06:05 PM,FALSE,TRUE,03/04/14,11:05 AM,02:05 PM,FREE,BUSY
03/05/14,06:05 PM,09:05 PM,Reds,Goodyear Ballpark,"Local TV: SportsNet LA -- MLBN ----- Local Radio: 570 Fox Sports L.A.",03/05/14,03/06/14,09:05 PM,12:05 AM,FALSE,TRUE,03/05/14,05:05 PM,08:05 PM,FREE,BUSY
03/06/14,12:05 PM,03:05 PM,Angels,Tempe Diablo Stadium,"Local TV: SportsNet LA -- MLBN (delay) ----- Local Radio: 570 Fox Sports L.A.",03/06/14,03/06/14,03:05 PM,06:05 PM,FALSE,TRUE,03/06/14,11:05 AM,02:05 PM,FREE,BUSY
03/07/14,12:05 PM,03:05 PM,Rangers,Camelback Ranch,"Local TV: SportsNet LA -- MLBN (delay) ----- Local Radio: 570 Fox Sports L.A.",03/07/14,03/07/14,03:05 PM,06:05 PM,FALSE,TRUE,03/07/14,11:05 AM,02:05 PM,FREE,BUSY
03/08/14,12:05 PM,03:05 PM,Rangers,Surprise Stadium,"Local Radio: 570 Fox Sports L.A.",03/08/14,03/08/14,03:05 PM,06:05 PM,FALSE,TRUE,03/08/14,11:05 AM,02:05 PM,FREE,BUSY
03/08/14,06:05 PM,09:05 PM,Mariners,Camelback Ranch,"Local TV: SportsNet LA -- MLBN (delay)",03/08/14,03/09/14,09:05 PM,12:05 AM,FALSE,TRUE,03/08/14,05:05 PM,08:05 PM,FREE,BUSY
03/09/14,01:05 PM,04:05 PM,Giants,Camelback Ranch,"Local TV: SportsNet LA ----- Local Radio: 570 Fox Sports L.A.",03/09/14,03/09/14,04:05 PM,07:05 PM,FALSE,TRUE,03/09/14,12:05 PM,03:05 PM,FREE,BUSY
03/10/14,01:05 PM,04:05 PM,Athletics,Camelback Ranch,"Local TV: SportsNet LA",03/10/14,03/10/14,04:05 PM,07:05 PM,FALSE,TRUE,03/10/14,12:05 PM,03:05 PM,FREE,BUSY
03/11/14,01:05 PM,04:05 PM,Royals,Surprise Stadium,"Local TV: SportsNet LA",03/11/14,03/11/14,04:05 PM,07:05 PM,FALSE,TRUE,03/11/14,12:05 PM,03:05 PM,FREE,BUSY
03/12/14,01:05 PM,04:05 PM,D-backs,Camelback Ranch,"Local TV: SportsNet LA ----- Local Radio: 570 Fox Sports L.A.",03/12/14,03/12/14,04:05 PM,07:05 PM,FALSE,TRUE,03/12/14,12:05 PM,03:05 PM,FREE,BUSY
03/13/14,01:05 PM,04:05 PM,Reds,Camelback Ranch,"Local TV: SportsNet LA -- MLBN",03/13/14,03/13/14,04:05 PM,07:05 PM,FALSE,TRUE,03/13/14,12:05 PM,03:05 PM,FREE,BUSY
03/14/14,01:05 PM,04:05 PM,Cubs,Cubs Park,"Local TV: SportsNet LA -- MLBN (delay)",03/14/14,03/14/14,04:05 PM,07:05 PM,FALSE,TRUE,03/14/14,12:05 PM,03:05 PM,FREE,BUSY
03/15/14,07:05 PM,10:05 PM,White Sox,Camelback Ranch,"Local TV: SportsNet LA -- MLBN",03/15/14,03/16/14,10:05 PM,01:05 AM,FALSE,TRUE,03/15/14,06:05 PM,09:05 PM,FREE,BUSY
03/15/14,01:05 PM,04:05 PM,Padres,Camelback Ranch,,03/15/14,03/15/14,04:05 PM,07:05 PM,FALSE,TRUE,03/15/14,12:05 PM,03:05 PM,FREE,BUSY
03/16/14,01:05 PM,04:05 PM,Rockies,Camelback Ranch,"Local TV: SportsNet LA -- MLBN ----- Local Radio: 570 Fox Sports L.A. -- KTNQ 1020",03/16/14,03/16/14,04:05 PM,07:05 PM,FALSE,TRUE,03/16/14,12:05 PM,03:05 PM,FREE,BUSY
03/20/14,01:00 AM,04:00 AM,Australia,Sydney Cricket Ground,"Local TV: MLB.TV",03/20/14,03/20/14,04:00 AM,07:00 AM,FALSE,TRUE,03/20/14,12:00 AM,03:00 AM,FREE,BUSY
03/22/14,01:00 AM,04:00 AM,D-backs,Sydney Cricket Ground,"Local TV: MLBN -- SportsNet LA ----- Local Radio: 570 Fox Sports L.A. -- KTNQ 1020",03/22/14,03/22/14,04:00 AM,07:00 AM,FALSE,TRUE,03/22/14,12:00 AM,03:00 AM,FREE,BUSY
03/22/14,07:00 PM,10:00 PM,D-backs,Sydney Cricket Ground,"Local TV: SportsNet LA -- MLBN ----- Local Radio: KTNQ 1020 -- 570 Fox Sports L.A.",03/22/14,03/23/14,10:00 PM,01:00 AM,FALSE,TRUE,03/22/14,06:00 PM,09:00 PM,FREE,BUSY
03/27/14,07:10 PM,10:10 PM,Angels,Dodger Stadium,"Local TV: SportsNet LA ----- Local Radio: 570 Fox Sports L.A.",03/27/14,03/28/14,10:10 PM,01:10 AM,FALSE,TRUE,03/27/14,06:10 PM,09:10 PM,FREE,BUSY
03/28/14,07:10 PM,10:10 PM,Angels,Dodger Stadium,"Local TV: SportsNet LA -- MLBN ----- Local Radio: KTNQ 1020 -- 570 Fox Sports L.A.",03/28/14,03/29/14,10:10 PM,01:10 AM,FALSE,TRUE,03/28/14,06:10 PM,09:10 PM,FREE,BUSY
03/29/14,06:05 PM,09:05 PM,Angels,Angel Stadium of Anaheim,"Local TV: SportsNet LA -- MLBN ----- Local Radio: 570 Fox Sports L.A.",03/29/14,03/30/14,09:05 PM,12:05 AM,FALSE,TRUE,03/29/14,05:05 PM,08:05 PM,FREE,BUSY
03/30/14,05:05 PM,08:05 PM,Padres,Petco Park,"Local TV: ESPN ----- Local Radio: 570 Fox Sports L.A. -- KTNQ 1020",03/30/14,03/30/14,08:05 PM,11:05 PM,FALSE,TRUE,03/30/14,04:05 PM,07:05 PM,FREE,BUSY
04/01/14,03:40 PM,06:40 PM,Padres,Petco Park,"Local TV: SportsNet LA ----- Local Radio: 570 Fox Sports L.A. -- KTNQ 1020",04/01/14,04/01/14,06:40 PM,09:40 PM,FALSE,TRUE,04/01/14,02:40 PM,05:40 PM,FREE,BUSY
04/02/14,07:10 PM,10:10 PM,Padres,Petco Park,"Local TV: SportsNet LA ----- Local Radio: KTNQ 1020 -- 570 Fox Sports L.A.",04/02/14,04/03/14,10:10 PM,01:10 AM,FALSE,TRUE,04/02/14,06:10 PM,09:10 PM,FREE,BUSY
04/04/14,01:10 PM,04:10 PM,Giants,Dodger Stadium,"Local TV: SportsNet LA -- SNLA Spanish ----- Local Radio: 570 Fox Sports L.A. -- KTNQ 1020",04/04/14,04/04/14,04:10 PM,07:10 PM,FALSE,TRUE,04/04/14,12:10 PM,03:10 PM,FREE,BUSY
04/05/14,01:10 PM,04:10 PM,Giants,Dodger Stadium,"Local TV: SportsNet LA -- FS1 -- SNLA Spanish ----- Local Radio: KTNQ 1020 -- 570 Fox Sports L.A.",04/05/14,04/05/14,04:10 PM,07:10 PM,FALSE,TRUE,04/05/14,12:10 PM,03:10 PM,FREE,BUSY
04/06/14,05:00 PM,08:00 PM,Giants,Dodger Stadium,"Local TV: ESPN2 ----- Local Radio: 570 Fox Sports L.A. -- KTNQ 1020",04/06/14,04/06/14,08:00 PM,11:00 PM,FALSE,TRUE,04/06/14,04:00 PM,07:00 PM,FREE,BUSY
04/08/14,07:10 PM,10:10 PM,Tigers,Dodger Stadium,"Local TV: MLBN -- SportsNet LA -- SNLA Spanish ----- Local Radio: KTNQ 1020 -- 570 Fox Sports L.A.",04/08/14,04/09/14,10:10 PM,01:10 AM,FALSE,TRUE,04/08/14,06:10 PM,09:10 PM,FREE,BUSY
04/09/14,07:10 PM,10:10 PM,Tigers,Dodger Stadium,"Local TV: SNLA Spanish -- SportsNet LA ----- Local Radio: KTNQ 1020 -- 570 Fox Sports L.A.",04/09/14,04/10/14,10:10 PM,01:10 AM,FALSE,TRUE,04/09/14,06:10 PM,09:10 PM,FREE,BUSY
04/11/14,06:40 PM,09:40 PM,D-backs,Chase Field,"Local TV: SportsNet LA ----- Local Radio: 570 Fox Sports L.A. -- KTNQ 1020",04/11/14,04/12/14,09:40 PM,12:40 AM,FALSE,TRUE,04/11/14,05:40 PM,08:40 PM,FREE,BUSY
04/12/14,05:10 PM,08:10 PM,D-backs,Chase Field,"Local TV: MLBN -- SportsNet LA ----- Local Radio: KTNQ 1020 -- 570 Fox Sports L.A.",04/12/14,04/12/14,08:10 PM,11:10 PM,FALSE,TRUE,04/12/14,04:10 PM,07:10 PM,FREE,BUSY
04/13/14,01:10 PM,04:10 PM,D-backs,Chase Field,"Local TV: SportsNet LA ----- Local Radio: 570 Fox Sports L.A. -- KTNQ 1020",04/13/14,04/13/14,04:10 PM,07:10 PM,FALSE,TRUE,04/13/14,12:10 PM,03:10 PM,FREE,BUSY
04/15/14,07:15 PM,10:15 PM,Giants,AT&T Park,"Local TV: SportsNet LA ----- Local Radio: KTNQ 1020 -- 570 Fox Sports L.A.",04/15/14,04/16/14,10:15 PM,01:15 AM,FALSE,TRUE,04/15/14,06:15 PM,09:15 PM,FREE,BUSY
04/16/14,07:15 PM,10:15 PM,Giants,AT&T Park,"Local TV: SportsNet LA ----- Local Radio: 570 Fox Sports L.A. -- KTNQ 1020",04/16/14,04/17/14,10:15 PM,01:15 AM,FALSE,TRUE,04/16/14,06:15 PM,09:15 PM,FREE,BUSY
04/17/14,12:45 PM,03:45 PM,Giants,AT&T Park,"Local TV: SportsNet LA ----- Local Radio: 570 Fox Sports L.A. -- KTNQ 1020",04/17/14,04/17/14,03:45 PM,06:45 PM,FALSE,TRUE,04/17/14,11:45 AM,02:45 PM,FREE,BUSY
04/18/14,07:10 PM,10:10 PM,D-backs,Dodger Stadium,"Local TV: SNLA Spanish -- SportsNet LA ----- Local Radio: KTNQ 1020 -- 570 Fox Sports L.A.",04/18/14,04/19/14,10:10 PM,01:10 AM,FALSE,TRUE,04/18/14,06:10 PM,09:10 PM,FREE,BUSY
04/19/14,05:10 PM,08:10 PM,D-backs,Dodger Stadium,"Local TV: FS1 -- SportsNet LA -- SNLA Spanish ----- Local Radio: 570 Fox Sports L.A. -- KTNQ 1020",04/19/14,04/19/14,08:10 PM,11:10 PM,FALSE,TRUE,04/19/14,04:10 PM,07:10 PM,FREE,BUSY
04/20/14,01:10 PM,04:10 PM,D-backs,Dodger Stadium,"Local TV: SportsNet LA -- SNLA Spanish ----- Local Radio: KTNQ 1020 -- 570 Fox Sports L.A.",04/20/14,04/20/14,04:10 PM,07:10 PM,FALSE,TRUE,04/20/14,12:10 PM,03:10 PM,FREE,BUSY
04/21/14,07:10 PM,10:10 PM,Phillies,Dodger Stadium,"Local TV: SNLA Spanish -- SportsNet LA ----- Local Radio: 570 Fox Sports L.A. -- KTNQ 1020",04/21/14,04/22/14,10:10 PM,01:10 AM,FALSE,TRUE,04/21/14,06:10 PM,09:10 PM,FREE,BUSY
04/22/14,07:10 PM,10:10 PM,Phillies,Dodger Stadium,"Local TV: SportsNet LA -- SNLA Spanish ----- Local Radio: KTNQ 1020 -- 570 Fox Sports L.A.",04/22/14,04/23/14,10:10 PM,01:10 AM,FALSE,TRUE,04/22/14,06:10 PM,09:10 PM,FREE,BUSY
04/23/14,07:10 PM,10:10 PM,Phillies,Dodger Stadium,"Local TV: SNLA Spanish -- SportsNet LA ----- Local Radio: 570 Fox Sports L.A. -- KTNQ 1020",04/23/14,04/24/14,10:10 PM,01:10 AM,FALSE,TRUE,04/23/14,06:10 PM,09:10 PM,FREE,BUSY
04/24/14,07:10 PM,10:10 PM,Phillies,Dodger Stadium,"Local TV: SportsNet LA -- SNLA Spanish ----- Local Radio: KTNQ 1020 -- 570 Fox Sports L.A.",04/24/14,04/25/14,10:10 PM,01:10 AM,FALSE,TRUE,04/24/14,06:10 PM,09:10 PM,FREE,BUSY
04/25/14,07:10 PM,10:10 PM,Rockies,Dodger Stadium,"Local TV: SNLA Spanish -- SportsNet LA ----- Local Radio: KTNQ 1020 -- 570 Fox Sports L.A.",04/25/14,04/26/14,10:10 PM,01:10 AM,FALSE,TRUE,04/25/14,06:10 PM,09:10 PM,FREE,BUSY
04/26/14,06:10 PM,09:10 PM,Rockies,Dodger Stadium,"Local TV: SNLA Spanish -- SportsNet LA ----- Local Radio: KTNQ 1020 -- 570 Fox Sports L.A.",04/26/14,04/27/14,09:10 PM,12:10 AM,FALSE,TRUE,04/26/14,05:10 PM,08:10 PM,FREE,BUSY
04/27/14,01:10 PM,04:10 PM,Rockies,Dodger Stadium,"Local TV: SportsNet LA -- SNLA Spanish ----- Local Radio: KTNQ 1020 -- 570 Fox Sports L.A.",04/27/14,04/27/14,04:10 PM,07:10 PM,FALSE,TRUE,04/27/14,12:10 PM,03:10 PM,FREE,BUSY
04/30/14,05:10 PM,08:10 PM,Twins,Target Field,"Local TV: SportsNet LA ----- Local Radio: 570 Fox Sports L.A. -- KTNQ 1020",04/30/14,04/30/14,08:10 PM,11:10 PM,FALSE,TRUE,04/30/14,04:10 PM,07:10 PM,FREE,BUSY
05/01/14,10:10 AM,01:10 PM,Twins,Target Field,"Local TV: SportsNet LA -- MLBN ----- Local Radio: 570 Fox Sports L.A. -- KTNQ 1020",05/01/14,05/01/14,01:10 PM,04:10 PM,FALSE,TRUE,05/01/14,09:10 AM,12:10 PM,FREE,BUSY
05/01/14,04:10 PM,07:10 PM,Twins,Target Field,"Local TV: SportsNet LA ----- Local Radio: KTNQ 1020 -- 570 Fox Sports L.A.",05/01/14,05/01/14,07:10 PM,10:10 PM,FALSE,TRUE,05/01/14,03:10 PM,06:10 PM,FREE,BUSY
05/02/14,04:10 PM,07:10 PM,Marlins,Marlins Park,"Local TV: SportsNet LA ----- Local Radio: 570 Fox Sports L.A. -- KTNQ 1020",05/02/14,05/02/14,07:10 PM,10:10 PM,FALSE,TRUE,05/02/14,03:10 PM,06:10 PM,FREE,BUSY
05/03/14,04:10 PM,07:10 PM,Marlins,Marlins Park,"Local TV: SportsNet LA ----- Local Radio: KTNQ 1020 -- 570 Fox Sports L.A.",05/03/14,05/03/14,07:10 PM,10:10 PM,FALSE,TRUE,05/03/14,03:10 PM,06:10 PM,FREE,BUSY
05/04/14,10:10 AM,01:10 PM,Marlins,Marlins Park,"Local TV: SportsNet LA ----- Local Radio: 570 Fox Sports L.A. -- KTNQ 1020",05/04/14,05/04/14,01:10 PM,04:10 PM,FALSE,TRUE,05/04/14,09:10 AM,12:10 PM,FREE,BUSY
05/05/14,04:05 PM,07:05 PM,Nationals,Nationals Park,"Local TV: SportsNet LA ----- Local Radio: KTNQ 1020 -- 570 Fox Sports L.A.",05/05/14,05/05/14,07:05 PM,10:05 PM,FALSE,TRUE,05/05/14,03:05 PM,06:05 PM,FREE,BUSY
05/06/14,04:05 PM,07:05 PM,Nationals,Nationals Park,"Local TV: SportsNet LA ----- Local Radio: 570 Fox Sports L.A. -- KTNQ 1020",05/06/14,05/06/14,07:05 PM,10:05 PM,FALSE,TRUE,05/06/14,03:05 PM,06:05 PM,FREE,BUSY
05/07/14,10:05 AM,01:05 PM,Nationals,Nationals Park,"Local TV: MLBN -- SportsNet LA ----- Local Radio: KTNQ 1020 -- 570 Fox Sports L.A.",05/07/14,05/07/14,01:05 PM,04:05 PM,FALSE,TRUE,05/07/14,09:05 AM,12:05 PM,FREE,BUSY
05/08/14,07:10 PM,10:10 PM,Giants,Dodger Stadium,"Local TV: SNLA Spanish -- SportsNet LA -- MLBN ----- Local Radio: 570 Fox Sports L.A. -- KTNQ 1020",05/08/14,05/09/14,10:10 PM,01:10 AM,FALSE,TRUE,05/08/14,06:10 PM,09:10 PM,FREE,BUSY
05/09/14,07:10 PM,10:10 PM,Giants,Dodger Stadium,"Local TV: SNLA Spanish -- SportsNet LA ----- Local Radio: 570 Fox Sports L.A. -- KTNQ 1020",05/09/14,05/10/14,10:10 PM,01:10 AM,FALSE,TRUE,05/09/14,06:10 PM,09:10 PM,FREE,BUSY
05/10/14,01:10 PM,04:10 PM,Giants,Dodger Stadium,"Local TV: SNLA Spanish -- FS1 -- SportsNet LA ----- Local Radio: KTNQ 1020 -- 570 Fox Sports L.A.",05/10/14,05/10/14,04:10 PM,07:10 PM,FALSE,TRUE,05/10/14,12:10 PM,03:10 PM,FREE,BUSY
05/11/14,01:10 PM,04:10 PM,Giants,Dodger Stadium,"Local TV: SportsNet LA -- SNLA Spanish ----- Local Radio: KTNQ 1020 -- 570 Fox Sports L.A.",05/11/14,05/11/14,04:10 PM,07:10 PM,FALSE,TRUE,05/11/14,12:10 PM,03:10 PM,FREE,BUSY
05/12/14,07:10 PM,10:10 PM,Marlins,Dodger Stadium,"Local TV: SNLA Spanish -- SportsNet LA ----- Local Radio: 570 Fox Sports L.A. -- KTNQ 1020",05/12/14,05/13/14,10:10 PM,01:10 AM,FALSE,TRUE,05/12/14,06:10 PM,09:10 PM,FREE,BUSY
05/13/14,07:10 PM,10:10 PM,Marlins,Dodger Stadium,"Local TV: SportsNet LA -- SNLA Spanish ----- Local Radio: KTNQ 1020 -- 570 Fox Sports L.A.",05/13/14,05/14/14,10:10 PM,01:10 AM,FALSE,TRUE,05/13/14,06:10 PM,09:10 PM,FREE,BUSY
05/14/14,07:10 PM,10:10 PM,Marlins,Dodger Stadium,"Local TV: SNLA Spanish -- SportsNet LA ----- Local Radio: 570 Fox Sports L.A. -- KTNQ 1020",05/14/14,05/15/14,10:10 PM,01:10 AM,FALSE,TRUE,05/14/14,06:10 PM,09:10 PM,FREE,BUSY
05/16/14,06:40 PM,09:40 PM,D-backs,Chase Field,"Local TV: SportsNet LA ----- Local Radio: 570 Fox Sports L.A. -- KTNQ 1020",05/16/14,05/17/14,09:40 PM,12:40 AM,FALSE,TRUE,05/16/14,05:40 PM,08:40 PM,FREE,BUSY
05/17/14,05:10 PM,08:10 PM,D-backs,Chase Field,"Local TV: SportsNet LA ----- Local Radio: KTNQ 1020 -- 570 Fox Sports L.A.",05/17/14,05/17/14,08:10 PM,11:10 PM,FALSE,TRUE,05/17/14,04:10 PM,07:10 PM,FREE,BUSY
05/18/14,01:10 PM,04:10 PM,D-backs,Chase Field,"Local TV: SportsNet LA ----- Local Radio: KTNQ 1020 -- 570 Fox Sports L.A.",05/18/14,05/18/14,04:10 PM,07:10 PM,FALSE,TRUE,05/18/14,12:10 PM,03:10 PM,FREE,BUSY
05/20/14,04:10 PM,07:10 PM,Mets,Citi Field,"Local TV: SportsNet LA ----- Local Radio: KTNQ 1020 -- 570 Fox Sports L.A.",05/20/14,05/20/14,07:10 PM,10:10 PM,FALSE,TRUE,05/20/14,03:10 PM,06:10 PM,FREE,BUSY
05/21/14,04:10 PM,07:10 PM,Mets,Citi Field,"Local TV: SportsNet LA -- ESPN ----- Local Radio: 570 Fox Sports L.A. -- KTNQ 1020",05/21/14,05/21/14,07:10 PM,10:10 PM,FALSE,TRUE,05/21/14,03:10 PM,06:10 PM,FREE,BUSY
05/22/14,04:10 PM,07:10 PM,Mets,Citi Field,"Local TV: MLBN -- SportsNet LA ----- Local Radio: KTNQ 1020 -- 570 Fox Sports L.A.",05/22/14,05/22/14,07:10 PM,10:10 PM,FALSE,TRUE,05/22/14,03:10 PM,06:10 PM,FREE,BUSY
05/23/14,04:05 PM,07:05 PM,Phillies,Citizens Bank Park,"Local TV: SportsNet LA ----- Local Radio: 570 Fox Sports L.A. -- KTNQ 1020",05/23/14,05/23/14,07:05 PM,10:05 PM,FALSE,TRUE,05/23/14,03:05 PM,06:05 PM,FREE,BUSY
05/24/14,12:05 PM,03:05 PM,Phillies,Citizens Bank Park,"Local TV: SportsNet LA ----- Local Radio: 570 Fox Sports L.A. -- KTNQ 1020",05/24/14,05/24/14,03:05 PM,06:05 PM,FALSE,TRUE,05/24/14,11:05 AM,02:05 PM,FREE,BUSY
05/25/14,10:35 AM,01:35 PM,Phillies,Citizens Bank Park,"Local TV: SportsNet LA ----- Local Radio: 570 Fox Sports L.A. -- KTNQ 1020",05/25/14,05/25/14,01:35 PM,04:35 PM,FALSE,TRUE,05/25/14,09:35 AM,12:35 PM,FREE,BUSY
05/26/14,05:10 PM,08:10 PM,Reds,Dodger Stadium,"Local TV: SportsNet LA -- SNLA Spanish -- MLBN ----- Local Radio: KTNQ 1020 -- 570 Fox Sports L.A.",05/26/14,05/26/14,08:10 PM,11:10 PM,FALSE,TRUE,05/26/14,04:10 PM,07:10 PM,FREE,BUSY
05/27/14,07:10 PM,10:10 PM,Reds,Dodger Stadium,"Local TV: SportsNet LA -- ESPN -- SNLA Spanish ----- Local Radio: KTNQ 1020 -- 570 Fox Sports L.A.",05/27/14,05/28/14,10:10 PM,01:10 AM,FALSE,TRUE,05/27/14,06:10 PM,09:10 PM,FREE,BUSY
05/28/14,07:10 PM,10:10 PM,Reds,Dodger Stadium,"Local TV: SNLA Spanish -- SportsNet LA ----- Local Radio: KTNQ 1020 -- 570 Fox Sports L.A.",05/28/14,05/29/14,10:10 PM,01:10 AM,FALSE,TRUE,05/28/14,06:10 PM,09:10 PM,FREE,BUSY
05/29/14,07:10 PM,10:10 PM,Pirates,Dodger Stadium,"Local TV: SNLA Spanish -- SportsNet LA ----- Local Radio: KTNQ 1020 -- 570 Fox Sports L.A.",05/29/14,05/30/14,10:10 PM,01:10 AM,FALSE,TRUE,05/29/14,06:10 PM,09:10 PM,FREE,BUSY
05/30/14,07:10 PM,10:10 PM,Pirates,Dodger Stadium,"Local TV: SNLA Spanish -- SportsNet LA ----- Local Radio: 570 Fox Sports L.A. -- KTNQ 1020",05/30/14,05/31/14,10:10 PM,01:10 AM,FALSE,TRUE,05/30/14,06:10 PM,09:10 PM,FREE,BUSY
05/31/14,04:15 PM,07:15 PM,Pirates,Dodger Stadium,"Local TV: FOX ----- Local Radio: 570 Fox Sports L.A. -- KTNQ 1020",05/31/14,05/31/14,07:15 PM,10:15 PM,FALSE,TRUE,05/31/14,03:15 PM,06:15 PM,FREE,BUSY
06/01/14,05:07 PM,08:07 PM,Pirates,Dodger Stadium,"Local TV: ESPN2 ----- Local Radio: KTNQ 1020 -- 570 Fox Sports L.A.",06/01/14,06/01/14,08:07 PM,11:07 PM,FALSE,TRUE,06/01/14,04:07 PM,07:07 PM,FREE,BUSY
06/02/14,07:10 PM,10:10 PM,White Sox,Dodger Stadium,"Local TV: SNLA Spanish -- SportsNet LA ----- Local Radio: KTNQ 1020 -- 570 Fox Sports L.A.",06/02/14,06/03/14,10:10 PM,01:10 AM,FALSE,TRUE,06/02/14,06:10 PM,09:10 PM,FREE,BUSY
06/03/14,07:10 PM,10:10 PM,White Sox,Dodger Stadium,"Local TV: SNLA Spanish -- SportsNet LA ----- Local Radio: KTNQ 1020 -- 570 Fox Sports L.A.",06/03/14,06/04/14,10:10 PM,01:10 AM,FALSE,TRUE,06/03/14,06:10 PM,09:10 PM,FREE,BUSY
06/04/14,07:10 PM,10:10 PM,White Sox,Dodger Stadium,"Local TV: SportsNet LA -- SNLA Spanish ----- Local Radio: KTNQ 1020 -- 570 Fox Sports L.A.",06/04/14,06/05/14,10:10 PM,01:10 AM,FALSE,TRUE,06/04/14,06:10 PM,09:10 PM,FREE,BUSY
06/06/14,05:40 PM,08:40 PM,Rockies,Coors Field,"Local TV: SportsNet LA ----- Local Radio: 570 Fox Sports L.A. -- KTNQ 1020",06/06/14,06/06/14,08:40 PM,11:40 PM,FALSE,TRUE,06/06/14,04:40 PM,07:40 PM,FREE,BUSY
06/07/14,01:10 PM,04:10 PM,Rockies,Coors Field,"Local TV: SportsNet LA ----- Local Radio: KTNQ 1020 -- 570 Fox Sports L.A.",06/07/14,06/07/14,04:10 PM,07:10 PM,FALSE,TRUE,06/07/14,12:10 PM,03:10 PM,FREE,BUSY
06/08/14,01:10 PM,04:10 PM,Rockies,Coors Field,"Local TV: SportsNet LA ----- Local Radio: KTNQ 1020 -- 570 Fox Sports L.A.",06/08/14,06/08/14,04:10 PM,07:10 PM,FALSE,TRUE,06/08/14,12:10 PM,03:10 PM,FREE,BUSY
06/09/14,04:10 PM,07:10 PM,Reds,Great American Ball Park,"Local TV: SportsNet LA ----- Local Radio: 570 Fox Sports L.A. -- KTNQ 1020",06/09/14,06/09/14,07:10 PM,10:10 PM,FALSE,TRUE,06/09/14,03:10 PM,06:10 PM,FREE,BUSY
06/10/14,04:10 PM,07:10 PM,Reds,Great American Ball Park,"Local TV: SportsNet LA ----- Local Radio: KTNQ 1020 -- 570 Fox Sports L.A.",06/10/14,06/10/14,07:10 PM,10:10 PM,FALSE,TRUE,06/10/14,03:10 PM,06:10 PM,FREE,BUSY
06/11/14,04:10 PM,07:10 PM,Reds,Great American Ball Park,"Local TV: SportsNet LA ----- Local Radio: 570 Fox Sports L.A. -- KTNQ 1020",06/11/14,06/11/14,07:10 PM,10:10 PM,FALSE,TRUE,06/11/14,03:10 PM,06:10 PM,FREE,BUSY
06/12/14,09:35 AM,12:35 PM,Reds,Great American Ball Park,"Local TV: SportsNet LA ----- Local Radio: KTNQ 1020 -- 570 Fox Sports L.A.",06/12/14,06/12/14,12:35 PM,03:35 PM,FALSE,TRUE,06/12/14,08:35 AM,11:35 AM,FREE,BUSY
06/13/14,07:10 PM,10:10 PM,D-backs,Dodger Stadium,"Local TV: SportsNet LA -- SNLA Spanish ----- Local Radio: KTNQ 1020 -- 570 Fox Sports L.A.",06/13/14,06/14/14,10:10 PM,01:10 AM,FALSE,TRUE,06/13/14,06:10 PM,09:10 PM,FREE,BUSY
06/14/14,07:10 PM,10:10 PM,D-backs,Dodger Stadium,"Local TV: SNLA Spanish -- SportsNet LA ----- Local Radio: 570 Fox Sports L.A. -- KTNQ 1020",06/14/14,06/15/14,10:10 PM,01:10 AM,FALSE,TRUE,06/14/14,06:10 PM,09:10 PM,FREE,BUSY
06/15/14,01:10 PM,04:10 PM,D-backs,Dodger Stadium,"Local TV: SportsNet LA -- SNLA Spanish ----- Local Radio: KTNQ 1020 -- 570 Fox Sports L.A.",06/15/14,06/15/14,04:10 PM,07:10 PM,FALSE,TRUE,06/15/14,12:10 PM,03:10 PM,FREE,BUSY
06/16/14,07:10 PM,10:10 PM,Rockies,Dodger Stadium,"Local TV: SNLA Spanish -- SportsNet LA ----- Local Radio: KTNQ 1020 -- 570 Fox Sports L.A.",06/16/14,06/17/14,10:10 PM,01:10 AM,FALSE,TRUE,06/16/14,06:10 PM,09:10 PM,FREE,BUSY
06/17/14,07:10 PM,10:10 PM,Rockies,Dodger Stadium,"Local TV: SportsNet LA -- SNLA Spanish ----- Local Radio: KTNQ 1020 -- 570 Fox Sports L.A.",06/17/14,06/18/14,10:10 PM,01:10 AM,FALSE,TRUE,06/17/14,06:10 PM,09:10 PM,FREE,BUSY
06/18/14,07:10 PM,10:10 PM,Rockies,Dodger Stadium,"Local TV: SportsNet LA -- SNLA Spanish ----- Local Radio: 570 Fox Sports L.A. -- KTNQ 1020",06/18/14,06/19/14,10:10 PM,01:10 AM,FALSE,TRUE,06/18/14,06:10 PM,09:10 PM,FREE,BUSY
06/20/14,07:10 PM,10:10 PM,Padres,Petco Park,"Local TV: SportsNet LA ----- Local Radio: KTNQ 1020 -- 570 Fox Sports L.A.",06/20/14,06/21/14,10:10 PM,01:10 AM,FALSE,TRUE,06/20/14,06:10 PM,09:10 PM,FREE,BUSY
06/21/14,07:10 PM,10:10 PM,Padres,Petco Park,"Local TV: SportsNet LA ----- Local Radio: 570 Fox Sports L.A. -- KTNQ 1020",06/21/14,06/22/14,10:10 PM,01:10 AM,FALSE,TRUE,06/21/14,06:10 PM,09:10 PM,FREE,BUSY
06/22/14,01:10 PM,04:10 PM,Padres,Petco Park,"Local TV: SportsNet LA ----- Local Radio: KTNQ 1020 -- 570 Fox Sports L.A.",06/22/14,06/22/14,04:10 PM,07:10 PM,FALSE,TRUE,06/22/14,12:10 PM,03:10 PM,FREE,BUSY
06/23/14,05:10 PM,08:10 PM,Royals,Kauffman Stadium,"Local TV: SportsNet LA ----- Local Radio: KTNQ 1020 -- 570 Fox Sports L.A.",06/23/14,06/23/14,08:10 PM,11:10 PM,FALSE,TRUE,06/23/14,04:10 PM,07:10 PM,FREE,BUSY
06/24/14,05:10 PM,08:10 PM,Royals,Kauffman Stadium,"Local TV: SportsNet LA ----- Local Radio: 570 Fox Sports L.A. -- KTNQ 1020",06/24/14,06/24/14,08:10 PM,11:10 PM,FALSE,TRUE,06/24/14,04:10 PM,07:10 PM,FREE,BUSY
06/25/14,05:10 PM,08:10 PM,Royals,Kauffman Stadium,"Local TV: SportsNet LA ----- Local Radio: KTNQ 1020 -- 570 Fox Sports L.A.",06/25/14,06/25/14,08:10 PM,11:10 PM,FALSE,TRUE,06/25/14,04:10 PM,07:10 PM,FREE,BUSY
06/26/14,07:10 PM,10:10 PM,Cardinals,Dodger Stadium,"Local TV: SportsNet LA -- SNLA Spanish ----- Local Radio: KTNQ 1020 -- 570 Fox Sports L.A.",06/26/14,06/27/14,10:10 PM,01:10 AM,FALSE,TRUE,06/26/14,06:10 PM,09:10 PM,FREE,BUSY
06/27/14,07:10 PM,10:10 PM,Cardinals,Dodger Stadium,"Local TV: SNLA Spanish -- SportsNet LA ----- Local Radio: 570 Fox Sports L.A. -- KTNQ 1020",06/27/14,06/28/14,10:10 PM,01:10 AM,FALSE,TRUE,06/27/14,06:10 PM,09:10 PM,FREE,BUSY
06/28/14,04:15 PM,07:15 PM,Cardinals,Dodger Stadium,"Local TV: FOX ----- Local Radio: KTNQ 1020 -- 570 Fox Sports L.A.",06/28/14,06/28/14,07:15 PM,10:15 PM,FALSE,TRUE,06/28/14,03:15 PM,06:15 PM,FREE,BUSY
06/29/14,01:10 PM,04:10 PM,Cardinals,Dodger Stadium,"Local TV: SportsNet LA ----- Local Radio: 570 Fox Sports L.A. -- KTNQ 1020",06/29/14,06/29/14,04:10 PM,07:10 PM,FALSE,TRUE,06/29/14,12:10 PM,03:10 PM,FREE,BUSY
06/30/14,07:10 PM,10:10 PM,Indians,Dodger Stadium,"Local TV: SportsNet LA -- SNLA Spanish ----- Local Radio: 570 Fox Sports L.A. -- KTNQ 1020",06/30/14,07/01/14,10:10 PM,01:10 AM,FALSE,TRUE,06/30/14,06:10 PM,09:10 PM,FREE,BUSY
07/01/14,07:10 PM,10:10 PM,Indians,Dodger Stadium,"Local TV: SportsNet LA -- SNLA Spanish ----- Local Radio: 570 Fox Sports L.A. -- KTNQ 1020",07/01/14,07/02/14,10:10 PM,01:10 AM,FALSE,TRUE,07/01/14,06:10 PM,09:10 PM,FREE,BUSY
07/02/14,12:10 PM,03:10 PM,Indians,Dodger Stadium,"Local TV: SNLA Spanish -- SportsNet LA ----- Local Radio: KTNQ 1020 -- 570 Fox Sports L.A.",07/02/14,07/02/14,03:10 PM,06:10 PM,FALSE,TRUE,07/02/14,11:10 AM,02:10 PM,FREE,BUSY
07/03/14,05:10 PM,08:10 PM,Rockies,Coors Field,"Local TV: SportsNet LA ----- Local Radio: KTNQ 1020 -- 570 Fox Sports L.A.",07/03/14,07/03/14,08:10 PM,11:10 PM,FALSE,TRUE,07/03/14,04:10 PM,07:10 PM,FREE,BUSY
07/04/14,05:10 PM,08:10 PM,Rockies,Coors Field,"Local TV: SportsNet LA ----- Local Radio: 570 Fox Sports L.A. -- KTNQ 1020",07/04/14,07/04/14,08:10 PM,11:10 PM,FALSE,TRUE,07/04/14,04:10 PM,07:10 PM,FREE,BUSY
07/05/14,01:10 PM,04:10 PM,Rockies,Coors Field,"Local TV: SportsNet LA ----- Local Radio: KTNQ 1020 -- 570 Fox Sports L.A.",07/05/14,07/05/14,04:10 PM,07:10 PM,FALSE,TRUE,07/05/14,12:10 PM,03:10 PM,FREE,BUSY
07/06/14,01:10 PM,04:10 PM,Rockies,Coors Field,"Local TV: SportsNet LA ----- Local Radio: 570 Fox Sports L.A. -- KTNQ 1020",07/06/14,07/06/14,04:10 PM,07:10 PM,FALSE,TRUE,07/06/14,12:10 PM,03:10 PM,FREE,BUSY
07/08/14,04:08 PM,07:08 PM,Tigers,Comerica Park,"Local TV: SportsNet LA ----- Local Radio: 570 Fox Sports L.A. -- KTNQ 1020",07/08/14,07/08/14,07:08 PM,10:08 PM,FALSE,TRUE,07/08/14,03:08 PM,06:08 PM,FREE,BUSY
07/09/14,10:08 AM,01:08 PM,Tigers,Comerica Park,"Local TV: SportsNet LA ----- Local Radio: KTNQ 1020 -- 570 Fox Sports L.A.",07/09/14,07/09/14,01:08 PM,04:08 PM,FALSE,TRUE,07/09/14,09:08 AM,12:08 PM,FREE,BUSY
07/10/14,07:10 PM,10:10 PM,Padres,Dodger Stadium,"Local TV: SNLA Spanish -- SportsNet LA ----- Local Radio: 570 Fox Sports L.A. -- KTNQ 1020",07/10/14,07/11/14,10:10 PM,01:10 AM,FALSE,TRUE,07/10/14,06:10 PM,09:10 PM,FREE,BUSY
07/11/14,07:10 PM,10:10 PM,Padres,Dodger Stadium,"Local TV: SportsNet LA -- SNLA Spanish ----- Local Radio: KTNQ 1020 -- 570 Fox Sports L.A.",07/11/14,07/12/14,10:10 PM,01:10 AM,FALSE,TRUE,07/11/14,06:10 PM,09:10 PM,FREE,BUSY
07/12/14,07:10 PM,10:10 PM,Padres,Dodger Stadium,"Local TV: SNLA Spanish -- SportsNet LA ----- Local Radio: 570 Fox Sports L.A. -- KTNQ 1020",07/12/14,07/13/14,10:10 PM,01:10 AM,FALSE,TRUE,07/12/14,06:10 PM,09:10 PM,FREE,BUSY
07/13/14,01:10 PM,04:10 PM,Padres,Dodger Stadium,"Local TV: SportsNet LA -- SNLA Spanish ----- Local Radio: 570 Fox Sports L.A. -- KTNQ 1020",07/13/14,07/13/14,04:10 PM,07:10 PM,FALSE,TRUE,07/13/14,12:10 PM,03:10 PM,FREE,BUSY
07/15/14,03:33 AM,03:33 AM,NL All-Stars at AL All-Stars,Target Field,,07/15/14,07/15/14,06:33 AM,06:33 AM,FALSE,TRUE,07/15/14,02:33 AM,02:33 AM,FREE,BUSY
07/18/14,05:15 PM,08:15 PM,Cardinals,Busch Stadium,"Local TV: SportsNet LA ----- Local Radio: KTNQ 1020 -- 570 Fox Sports L.A.",07/18/14,07/18/14,08:15 PM,11:15 PM,FALSE,TRUE,07/18/14,04:15 PM,07:15 PM,FREE,BUSY
07/19/14,01:05 PM,04:05 PM,Cardinals,Busch Stadium,"Local TV: FS1 -- SportsNet LA ----- Local Radio: KTNQ 1020 -- 570 Fox Sports L.A.",07/19/14,07/19/14,04:05 PM,07:05 PM,FALSE,TRUE,07/19/14,12:05 PM,03:05 PM,FREE,BUSY
07/20/14,05:05 PM,08:05 PM,Cardinals,Busch Stadium,"Local TV: ESPN ----- Local Radio: 570 Fox Sports L.A. -- KTNQ 1020",07/20/14,07/20/14,08:05 PM,11:05 PM,FALSE,TRUE,07/20/14,04:05 PM,07:05 PM,FREE,BUSY
07/21/14,04:05 PM,07:05 PM,Pirates,PNC Park,"Local TV: SportsNet LA ----- Local Radio: 570 Fox Sports L.A. -- KTNQ 1020",07/21/14,07/21/14,07:05 PM,10:05 PM,FALSE,TRUE,07/21/14,03:05 PM,06:05 PM,FREE,BUSY
07/22/14,04:05 PM,07:05 PM,Pirates,PNC Park,"Local TV: SportsNet LA ----- Local Radio: 570 Fox Sports L.A. -- KTNQ 1020",07/22/14,07/22/14,07:05 PM,10:05 PM,FALSE,TRUE,07/22/14,03:05 PM,06:05 PM,FREE,BUSY
07/23/14,04:05 PM,07:05 PM,Pirates,PNC Park,"Local TV: SportsNet LA ----- Local Radio: 570 Fox Sports L.A. -- KTNQ 1020",07/23/14,07/23/14,07:05 PM,10:05 PM,FALSE,TRUE,07/23/14,03:05 PM,06:05 PM,FREE,BUSY
07/25/14,07:15 PM,10:15 PM,Giants,AT&T Park,"Local TV: SportsNet LA ----- Local Radio: KTNQ 1020 -- 570 Fox Sports L.A.",07/25/14,07/26/14,10:15 PM,01:15 AM,FALSE,TRUE,07/25/14,06:15 PM,09:15 PM,FREE,BUSY
07/26/14,06:05 PM,09:05 PM,Giants,AT&T Park,"Local TV: SportsNet LA ----- Local Radio: KTNQ 1020 -- 570 Fox Sports L.A.",07/26/14,07/27/14,09:05 PM,12:05 AM,FALSE,TRUE,07/26/14,05:05 PM,08:05 PM,FREE,BUSY
07/27/14,01:05 PM,04:05 PM,Giants,AT&T Park,"Local TV: SportsNet LA ----- Local Radio: 570 Fox Sports L.A. -- KTNQ 1020",07/27/14,07/27/14,04:05 PM,07:05 PM,FALSE,TRUE,07/27/14,12:05 PM,03:05 PM,FREE,BUSY
07/29/14,07:10 PM,10:10 PM,Braves,Dodger Stadium,"Local TV: SportsNet LA -- SNLA Spanish ----- Local Radio: KTNQ 1020 -- 570 Fox Sports L.A.",07/29/14,07/30/14,10:10 PM,01:10 AM,FALSE,TRUE,07/29/14,06:10 PM,09:10 PM,FREE,BUSY
07/30/14,07:10 PM,10:10 PM,Braves,Dodger Stadium,"Local TV: SNLA Spanish -- SportsNet LA ----- Local Radio: KTNQ 1020 -- 570 Fox Sports L.A.",07/30/14,07/31/14,10:10 PM,01:10 AM,FALSE,TRUE,07/30/14,06:10 PM,09:10 PM,FREE,BUSY
07/31/14,07:10 PM,10:10 PM,Braves,Dodger Stadium,"Local TV: SportsNet LA -- SNLA Spanish ----- Local Radio: KTNQ 1020 -- 570 Fox Sports L.A.",07/31/14,08/01/14,10:10 PM,01:10 AM,FALSE,TRUE,07/31/14,06:10 PM,09:10 PM,FREE,BUSY
08/01/14,07:10 PM,10:10 PM,Cubs,Dodger Stadium,"Local TV: SportsNet LA -- SNLA Spanish ----- Local Radio: KTNQ 1020 -- 570 Fox Sports L.A.",08/01/14,08/02/14,10:10 PM,01:10 AM,FALSE,TRUE,08/01/14,06:10 PM,09:10 PM,FREE,BUSY
08/02/14,06:10 PM,09:10 PM,Cubs,Dodger Stadium,"Local TV: SNLA Spanish -- SportsNet LA ----- Local Radio: 570 Fox Sports L.A. -- KTNQ 1020",08/02/14,08/03/14,09:10 PM,12:10 AM,FALSE,TRUE,08/02/14,05:10 PM,08:10 PM,FREE,BUSY
08/03/14,03:33 AM,03:33 AM,Cubs,Dodger Stadium,"Local TV: SportsNet LA ----- Local Radio: 570 Fox Sports L.A. -- KTNQ 1020",08/03/14,08/03/14,06:33 AM,06:33 AM,FALSE,TRUE,08/03/14,02:33 AM,02:33 AM,FREE,BUSY
08/04/14,07:10 PM,10:10 PM,Angels,Dodger Stadium,"Local TV: SNLA Spanish -- SportsNet LA ----- Local Radio: 570 Fox Sports L.A. -- KTNQ 1020",08/04/14,08/05/14,10:10 PM,01:10 AM,FALSE,TRUE,08/04/14,06:10 PM,09:10 PM,FREE,BUSY
08/05/14,07:10 PM,10:10 PM,Angels,Dodger Stadium,"Local TV: SportsNet LA -- SNLA Spanish ----- Local Radio: KTNQ 1020 -- 570 Fox Sports L.A.",08/05/14,08/06/14,10:10 PM,01:10 AM,FALSE,TRUE,08/05/14,06:10 PM,09:10 PM,FREE,BUSY
08/06/14,07:05 PM,10:05 PM,Angels,Angel Stadium of Anaheim,"Local TV: SportsNet LA -- SNLA Spanish ----- Local Radio: 570 Fox Sports L.A. -- KTNQ 1020",08/06/14,08/07/14,10:05 PM,01:05 AM,FALSE,TRUE,08/06/14,06:05 PM,09:05 PM,FREE,BUSY
08/07/14,07:05 PM,10:05 PM,Angels,Angel Stadium of Anaheim,"Local TV: SportsNet LA -- SNLA Spanish ----- Local Radio: 570 Fox Sports L.A. -- KTNQ 1020",08/07/14,08/08/14,10:05 PM,01:05 AM,FALSE,TRUE,08/07/14,06:05 PM,09:05 PM,FREE,BUSY
08/08/14,05:10 PM,08:10 PM,Brewers,Miller Park,"Local TV: SportsNet LA ----- Local Radio: 570 Fox Sports L.A. -- KTNQ 1020",08/08/14,08/08/14,08:10 PM,11:10 PM,FALSE,TRUE,08/08/14,04:10 PM,07:10 PM,FREE,BUSY
08/09/14,04:10 PM,07:10 PM,Brewers,Miller Park,"Local TV: SportsNet LA ----- Local Radio: KTNQ 1020 -- 570 Fox Sports L.A.",08/09/14,08/09/14,07:10 PM,10:10 PM,FALSE,TRUE,08/09/14,03:10 PM,06:10 PM,FREE,BUSY
08/10/14,11:10 AM,02:10 PM,Brewers,Miller Park,"Local TV: SportsNet LA ----- Local Radio: 570 Fox Sports L.A. -- KTNQ 1020",08/10/14,08/10/14,02:10 PM,05:10 PM,FALSE,TRUE,08/10/14,10:10 AM,01:10 PM,FREE,BUSY
08/11/14,04:10 PM,07:10 PM,Braves,Turner Field,"Local TV: SportsNet LA ----- Local Radio: KTNQ 1020 -- 570 Fox Sports L.A.",08/11/14,08/11/14,07:10 PM,10:10 PM,FALSE,TRUE,08/11/14,03:10 PM,06:10 PM,FREE,BUSY
08/12/14,04:10 PM,07:10 PM,Braves,Turner Field,"Local TV: SportsNet LA ----- Local Radio: 570 Fox Sports L.A. -- KTNQ 1020",08/12/14,08/12/14,07:10 PM,10:10 PM,FALSE,TRUE,08/12/14,03:10 PM,06:10 PM,FREE,BUSY
08/13/14,04:10 PM,07:10 PM,Braves,Turner Field,"Local TV: SportsNet LA ----- Local Radio: KTNQ 1020 -- 570 Fox Sports L.A.",08/13/14,08/13/14,07:10 PM,10:10 PM,FALSE,TRUE,08/13/14,03:10 PM,06:10 PM,FREE,BUSY
08/14/14,09:10 AM,12:10 PM,Braves,Turner Field,"Local TV: SportsNet LA ----- Local Radio: KTNQ 1020 -- 570 Fox Sports L.A.",08/14/14,08/14/14,12:10 PM,03:10 PM,FALSE,TRUE,08/14/14,08:10 AM,11:10 AM,FREE,BUSY
08/15/14,07:10 PM,10:10 PM,Brewers,Dodger Stadium,"Local TV: SNLA Spanish -- SportsNet LA ----- Local Radio: 570 Fox Sports L.A. -- KTNQ 1020",08/15/14,08/16/14,10:10 PM,01:10 AM,FALSE,TRUE,08/15/14,06:10 PM,09:10 PM,FREE,BUSY
08/16/14,06:10 PM,09:10 PM,Brewers,Dodger Stadium,"Local TV: SportsNet LA -- SNLA Spanish ----- Local Radio: 570 Fox Sports L.A. -- KTNQ 1020",08/16/14,08/17/14,09:10 PM,12:10 AM,FALSE,TRUE,08/16/14,05:10 PM,08:10 PM,FREE,BUSY
08/17/14,01:10 PM,04:10 PM,Brewers,Dodger Stadium,"Local TV: SportsNet LA -- SNLA Spanish ----- Local Radio: KTNQ 1020 -- 570 Fox Sports L.A.",08/17/14,08/17/14,04:10 PM,07:10 PM,FALSE,TRUE,08/17/14,12:10 PM,03:10 PM,FREE,BUSY
08/19/14,07:10 PM,10:10 PM,Padres,Dodger Stadium,"Local TV: SNLA Spanish -- SportsNet LA ----- Local Radio: 570 Fox Sports L.A. -- KTNQ 1020",08/19/14,08/20/14,10:10 PM,01:10 AM,FALSE,TRUE,08/19/14,06:10 PM,09:10 PM,FREE,BUSY
08/20/14,07:10 PM,10:10 PM,Padres,Dodger Stadium,"Local TV: SNLA Spanish -- SportsNet LA ----- Local Radio: 570 Fox Sports L.A. -- KTNQ 1020",08/20/14,08/21/14,10:10 PM,01:10 AM,FALSE,TRUE,08/20/14,06:10 PM,09:10 PM,FREE,BUSY
08/21/14,07:10 PM,10:10 PM,Padres,Dodger Stadium,"Local TV: SNLA Spanish -- SportsNet LA ----- Local Radio: 570 Fox Sports L.A. -- KTNQ 1020",08/21/14,08/22/14,10:10 PM,01:10 AM,FALSE,TRUE,08/21/14,06:10 PM,09:10 PM,FREE,BUSY
08/22/14,07:10 PM,10:10 PM,Mets,Dodger Stadium,"Local TV: SNLA Spanish -- SportsNet LA ----- Local Radio: 570 Fox Sports L.A. -- KTNQ 1020",08/22/14,08/23/14,10:10 PM,01:10 AM,FALSE,TRUE,08/22/14,06:10 PM,09:10 PM,FREE,BUSY
08/23/14,06:10 PM,09:10 PM,Mets,Dodger Stadium,"Local TV: SNLA Spanish -- SportsNet LA ----- Local Radio: KTNQ 1020 -- 570 Fox Sports L.A.",08/23/14,08/24/14,09:10 PM,12:10 AM,FALSE,TRUE,08/23/14,05:10 PM,08:10 PM,FREE,BUSY
08/24/14,01:10 PM,04:10 PM,Mets,Dodger Stadium,"Local TV: SportsNet LA -- SNLA Spanish ----- Local Radio: KTNQ 1020 -- 570 Fox Sports L.A.",08/24/14,08/24/14,04:10 PM,07:10 PM,FALSE,TRUE,08/24/14,12:10 PM,03:10 PM,FREE,BUSY
08/26/14,06:40 PM,09:40 PM,D-backs,Chase Field,"Local TV: SportsNet LA ----- Local Radio: KTNQ 1020 -- 570 Fox Sports L.A.",08/26/14,08/27/14,09:40 PM,12:40 AM,FALSE,TRUE,08/26/14,05:40 PM,08:40 PM,FREE,BUSY
08/27/14,06:40 PM,09:40 PM,D-backs,Chase Field,"Local TV: SportsNet LA ----- Local Radio: KTNQ 1020 -- 570 Fox Sports L.A.",08/27/14,08/28/14,09:40 PM,12:40 AM,FALSE,TRUE,08/27/14,05:40 PM,08:40 PM,FREE,BUSY
08/29/14,07:10 PM,10:10 PM,Padres,Petco Park,"Local TV: SportsNet LA ----- Local Radio: 570 Fox Sports L.A. -- KTNQ 1020",08/29/14,08/30/14,10:10 PM,01:10 AM,FALSE,TRUE,08/29/14,06:10 PM,09:10 PM,FREE,BUSY
08/30/14,05:40 PM,08:40 PM,Padres,Petco Park,"Local TV: SportsNet LA ----- Local Radio: 570 Fox Sports L.A. -- KTNQ 1020",08/30/14,08/30/14,08:40 PM,11:40 PM,FALSE,TRUE,08/30/14,04:40 PM,07:40 PM,FREE,BUSY
08/31/14,01:10 PM,04:10 PM,Padres,Petco Park,"Local TV: SportsNet LA ----- Local Radio: KTNQ 1020 -- 570 Fox Sports L.A.",08/31/14,08/31/14,04:10 PM,07:10 PM,FALSE,TRUE,08/31/14,12:10 PM,03:10 PM,FREE,BUSY
09/01/14,05:10 PM,08:10 PM,Nationals,Dodger Stadium,"Local TV: SportsNet LA -- SNLA Spanish ----- Local Radio: KTNQ 1020 -- 570 Fox Sports L.A.",09/01/14,09/01/14,08:10 PM,11:10 PM,FALSE,TRUE,09/01/14,04:10 PM,07:10 PM,FREE,BUSY
09/02/14,07:10 PM,10:10 PM,Nationals,Dodger Stadium,"Local TV: SportsNet LA -- SNLA Spanish ----- Local Radio: 570 Fox Sports L.A. -- KTNQ 1020",09/02/14,09/03/14,10:10 PM,01:10 AM,FALSE,TRUE,09/02/14,06:10 PM,09:10 PM,FREE,BUSY
09/03/14,12:10 PM,03:10 PM,Nationals,Dodger Stadium,"Local TV: SNLA Spanish -- SportsNet LA ----- Local Radio: 570 Fox Sports L.A. -- KTNQ 1020",09/03/14,09/03/14,03:10 PM,06:10 PM,FALSE,TRUE,09/03/14,11:10 AM,02:10 PM,FREE,BUSY
09/05/14,07:10 PM,10:10 PM,D-backs,Dodger Stadium,"Local TV: SNLA Spanish -- SportsNet LA ----- Local Radio: KTNQ 1020 -- 570 Fox Sports L.A.",09/05/14,09/06/14,10:10 PM,01:10 AM,FALSE,TRUE,09/05/14,06:10 PM,09:10 PM,FREE,BUSY
09/06/14,06:10 PM,09:10 PM,D-backs,Dodger Stadium,"Local TV: SportsNet LA ----- Local Radio: 570 Fox Sports L.A. -- KTNQ 1020",09/06/14,09/07/14,09:10 PM,12:10 AM,FALSE,TRUE,09/06/14,05:10 PM,08:10 PM,FREE,BUSY
09/07/14,03:33 AM,03:33 AM,D-backs,Dodger Stadium,"Local TV: SportsNet LA ----- Local Radio: KTNQ 1020 -- 570 Fox Sports L.A.",09/07/14,09/07/14,06:33 AM,06:33 AM,FALSE,TRUE,09/07/14,02:33 AM,02:33 AM,FREE,BUSY
09/08/14,07:10 PM,10:10 PM,Padres,Dodger Stadium,"Local TV: SportsNet LA -- SNLA Spanish ----- Local Radio: 570 Fox Sports L.A. -- KTNQ 1020",09/08/14,09/09/14,10:10 PM,01:10 AM,FALSE,TRUE,09/08/14,06:10 PM,09:10 PM,FREE,BUSY
09/09/14,07:10 PM,10:10 PM,Padres,Dodger Stadium,"Local TV: SNLA Spanish -- SportsNet LA ----- Local Radio: KTNQ 1020 -- 570 Fox Sports L.A.",09/09/14,09/10/14,10:10 PM,01:10 AM,FALSE,TRUE,09/09/14,06:10 PM,09:10 PM,FREE,BUSY
09/10/14,07:10 PM,10:10 PM,Padres,Dodger Stadium,"Local TV: SportsNet LA -- SNLA Spanish ----- Local Radio: KTNQ 1020 -- 570 Fox Sports L.A.",09/10/14,09/11/14,10:10 PM,01:10 AM,FALSE,TRUE,09/10/14,06:10 PM,09:10 PM,FREE,BUSY
09/12/14,07:15 PM,10:15 PM,Giants,AT&T Park,"Local TV: SportsNet LA ----- Local Radio: KTNQ 1020 -- 570 Fox Sports L.A.",09/12/14,09/13/14,10:15 PM,01:15 AM,FALSE,TRUE,09/12/14,06:15 PM,09:15 PM,FREE,BUSY
09/13/14,06:05 PM,09:05 PM,Giants,AT&T Park,"Local TV: SportsNet LA ----- Local Radio: KTNQ 1020 -- 570 Fox Sports L.A.",09/13/14,09/14/14,09:05 PM,12:05 AM,FALSE,TRUE,09/13/14,05:05 PM,08:05 PM,FREE,BUSY
09/14/14,01:05 PM,04:05 PM,Giants,AT&T Park,"Local TV: SportsNet LA ----- Local Radio: KTNQ 1020 -- 570 Fox Sports L.A.",09/14/14,09/14/14,04:05 PM,07:05 PM,FALSE,TRUE,09/14/14,12:05 PM,03:05 PM,FREE,BUSY
09/15/14,05:40 PM,08:40 PM,Rockies,Coors Field,"Local TV: SportsNet LA ----- Local Radio: 570 Fox Sports L.A. -- KTNQ 1020",09/15/14,09/15/14,08:40 PM,11:40 PM,FALSE,TRUE,09/15/14,04:40 PM,07:40 PM,FREE,BUSY
09/16/14,05:40 PM,08:40 PM,Rockies,Coors Field,"Local TV: SportsNet LA ----- Local Radio: 570 Fox Sports L.A. -- KTNQ 1020",09/16/14,09/16/14,08:40 PM,11:40 PM,FALSE,TRUE,09/16/14,04:40 PM,07:40 PM,FREE,BUSY
09/17/14,12:10 PM,03:10 PM,Rockies,Coors Field,"Local TV: SportsNet LA ----- Local Radio: KTNQ 1020 -- 570 Fox Sports L.A.",09/17/14,09/17/14,03:10 PM,06:10 PM,FALSE,TRUE,09/17/14,11:10 AM,02:10 PM,FREE,BUSY
09/18/14,05:05 PM,08:05 PM,Cubs,Wrigley Field,"Local TV: SportsNet LA ----- Local Radio: 570 Fox Sports L.A. -- KTNQ 1020",09/18/14,09/18/14,08:05 PM,11:05 PM,FALSE,TRUE,09/18/14,04:05 PM,07:05 PM,FREE,BUSY
09/19/14,11:20 AM,02:20 PM,Cubs,Wrigley Field,"Local TV: SportsNet LA ----- Local Radio: KTNQ 1020 -- 570 Fox Sports L.A.",09/19/14,09/19/14,02:20 PM,05:20 PM,FALSE,TRUE,09/19/14,10:20 AM,01:20 PM,FREE,BUSY
09/20/14,01:05 PM,04:05 PM,Cubs,Wrigley Field,"Local TV: SportsNet LA ----- Local Radio: 570 Fox Sports L.A. -- KTNQ 1020",09/20/14,09/20/14,04:05 PM,07:05 PM,FALSE,TRUE,09/20/14,12:05 PM,03:05 PM,FREE,BUSY
09/21/14,11:20 AM,02:20 PM,Cubs,Wrigley Field,"Local TV: SportsNet LA ----- Local Radio: KTNQ 1020 -- 570 Fox Sports L.A.",09/21/14,09/21/14,02:20 PM,05:20 PM,FALSE,TRUE,09/21/14,10:20 AM,01:20 PM,FREE,BUSY
09/22/14,07:10 PM,10:10 PM,Giants,Dodger Stadium,"Local TV: SNLA Spanish -- SportsNet LA ----- Local Radio: 570 Fox Sports L.A. -- KTNQ 1020",09/22/14,09/23/14,10:10 PM,01:10 AM,FALSE,TRUE,09/22/14,06:10 PM,09:10 PM,FREE,BUSY
09/23/14,07:10 PM,10:10 PM,Giants,Dodger Stadium,"Local TV: SportsNet LA -- SNLA Spanish ----- Local Radio: KTNQ 1020 -- 570 Fox Sports L.A.",09/23/14,09/24/14,10:10 PM,01:10 AM,FALSE,TRUE,09/23/14,06:10 PM,09:10 PM,FREE,BUSY
09/24/14,07:10 PM,10:10 PM,Giants,Dodger Stadium,"Local TV: SportsNet LA -- SNLA Spanish ----- Local Radio: 570 Fox Sports L.A. -- KTNQ 1020",09/24/14,09/25/14,10:10 PM,01:10 AM,FALSE,TRUE,09/24/14,06:10 PM,09:10 PM,FREE,BUSY
09/26/14,07:10 PM,10:10 PM,Rockies,Dodger Stadium,"Local TV: SportsNet LA -- SNLA Spanish ----- Local Radio: 570 Fox Sports L.A. -- KTNQ 1020",09/26/14,09/27/14,10:10 PM,01:10 AM,FALSE,TRUE,09/26/14,06:10 PM,09:10 PM,FREE,BUSY
09/27/14,06:10 PM,09:10 PM,Rockies,Dodger Stadium,"Local TV: SportsNet LA -- SNLA Spanish ----- Local Radio: 570 Fox Sports L.A. -- KTNQ 1020",09/27/14,09/28/14,09:10 PM,12:10 AM,FALSE,TRUE,09/27/14,05:10 PM,08:10 PM,FREE,BUSY
09/28/14,01:10 PM,04:10 PM,Rockies,Dodger Stadium,"Local TV: SNLA Spanish -- SportsNet LA ----- Local Radio: 570 Fox Sports L.A. -- KTNQ 1020",09/28/14,09/28/14,04:10 PM,07:10 PM,FALSE,TRUE,09/28/14,12:10 PM,03:10 PM,FREE,BUSY
